{
    "overall_accuracy": 0.6982348223417484,
    "weighted_f1": 0.6880013055502212,
    "macro_f1": 0.33199232651132926,
    "miou": 0.25823517473132346
}