{
    "overall_accuracy": 0.7329681326201005,
    "weighted_f1": 0.7148998912668797,
    "macro_f1": 0.33355520106817216,
    "miou": 0.26340584822053714
}