{
    "overall_accuracy": 0.6280324045119089,
    "weighted_f1": 0.6201566596327708,
    "macro_f1": 0.283482554805679,
    "miou": 0.20898781405846462
}