{
    "overall_accuracy": 0.6552900144952063,
    "weighted_f1": 0.6365887889535784,
    "macro_f1": 0.29050602667102227,
    "miou": 0.21772713704673635
}