{
    "overall_accuracy": 0.6887246425864746,
    "weighted_f1": 0.6708330909842601,
    "macro_f1": 0.30207190519533433,
    "miou": 0.23218224503568716
}