{
    "overall_accuracy": 0.7076125585878579,
    "weighted_f1": 0.6867347218297791,
    "macro_f1": 0.3144697731276795,
    "miou": 0.24559935204961528
}